response_id,mployee_id,submission_date,department,location,Q1_Recommend,Q2_Sup_Feedback,Q3_Enablement_Tools,Q4_Sup_Career_Interest,Q5_Quality_Services,Q6_Trust_Top_Mgmt,Q7_Diversity_Inclusion,Q8_ESG_Community,Q9_Proud_Work,Q10_Sup_Informed,Q11_Systems_Process,Q12_Career_Opp,Q13_Great_Service,Q14_Future_Success,Q15_Respect,Q16_ESG_Environment,Q17_Rarely_Look_Job,Q18_Sup_Role_Model,Q19_L&D_Access,Q20_Cust_Feedback_Usage,Q21_Values_Lived,Q22_Motivated_More,Q23_Job_Sat,Q24_Sup_Comm_Strategy,Q25_Excited_Work,Q26_Comp_Benefits,Q27_Delight_Cust,Q28_Stay_2_Years,Q29_Health_Safety,Q30_Sup_Recognize
R001,MY001,2025-01-15,Operations,HQ,5,5,5,5,5,5,5,5,5,5,5,5,5,5,5,5,5,5,5,5,5,5,5,5,5,5,5,5,5,5
R002,MY001,2025-04-12,Operations,HQ,4,5,4,4,5,5,5,5,5,5,4,5,5,5,5,5,4,5,5,5,5,5,4,5,5,5,5,5,5,5
R003,MY001,2025-07-15,Operations,HQ,5,5,5,5,5,5,5,5,5,5,5,5,5,5,5,5,5,5,5,5,5,5,5,5,5,5,5,5,5,5
R004,MY001,2025-10-18,Operations,HQ,4,5,4,5,5,4,5,5,4,5,4,4,5,4,5,5,4,5,5,5,4,5,4,5,5,5,5,5,5,5
R005,MY002,2025-01-16,Digital,HQ,5,4,5,4,5,5,4,5,5,5,5,5,5,5,5,5,4,5,5,5,5,5,5,5,5,5,5,5,4,5
R006,MY002,2025-04-14,Digital,HQ,4,4,5,4,4,5,4,5,5,4,5,5,5,5,5,5,4,5,5,4,5,4,5,5,5,5,5,5,4,4
R007,MY002,2025-07-16,Digital,HQ,5,4,5,4,5,5,4,5,5,5,5,5,5,5,5,5,4,5,5,5,5,5,5,5,5,5,5,5,4,5
R008,MY002,2025-10-19,Digital,HQ,5,4,5,4,5,5,4,5,5,5,5,5,5,5,5,5,3,5,5,5,5,5,5,5,5,5,5,5,4,5
R009,MY003,2025-01-15,HR,HQ,4,5,4,5,5,5,5,5,5,5,4,5,5,5,5,5,5,5,4,5,5,5,5,5,5,4,5,5,5,5
R010,MY003,2025-04-12,HR,HQ,3,4,4,4,4,4,5,5,4,4,3,4,4,4,4,5,4,4,4,4,4,4,3,4,4,4,4,4,4,4
R011,MY003,2025-07-15,HR,HQ,4,5,4,5,5,5,5,5,5,5,4,5,5,5,5,5,5,5,4,5,5,5,5,5,5,4,5,5,5,5
R012,MY003,2025-10-20,HR,HQ,4,5,4,5,5,5,5,5,5,5,4,5,5,5,5,5,5,5,4,5,5,5,5,5,5,4,5,5,5,5
R013,MY004,2025-01-17,Procurement,HQ,3,4,3,3,4,4,4,4,4,4,3,3,4,4,4,4,3,4,3,4,4,3,3,4,3,3,4,3,4,3
R014,MY004,2025-04-15,Procurement,HQ,2,3,2,2,3,3,4,3,3,3,2,2,3,3,3,3,2,3,2,3,3,2,2,3,2,2,3,2,3,2
R015,MY004,2025-07-17,Procurement,HQ,3,4,3,3,4,4,4,4,4,4,3,3,4,4,4,4,3,4,3,4,4,3,3,4,3,3,4,3,4,3
R016,MY004,2025-10-21,Procurement,HQ,3,4,3,3,4,4,4,3,4,4,3,3,4,4,4,3,3,4,3,4,4,3,3,4,3,3,4,3,4,3
R017,MY005,2025-01-18,Operations,Selangor,4,4,4,4,4,4,4,4,4,4,3,4,4,4,4,4,4,4,4,4,4,4,4,4,4,4,4,4,5,4
R018,MY005,2025-04-16,Operations,Selangor,3,3,3,3,4,4,4,4,4,4,2,3,4,4,4,4,3,4,3,4,4,3,3,4,3,3,4,3,4,3
R019,MY005,2025-07-18,Operations,Selangor,4,4,4,4,4,4,4,4,4,4,3,4,4,4,4,4,4,4,4,4,4,4,4,4,4,4,4,4,5,4
R020,MY005,2025-10-22,Operations,Selangor,4,4,4,4,4,4,4,4,4,4,3,4,4,4,4,4,4,4,4,4,4,4,4,4,4,4,4,4,5,4
R021,MY006,2025-01-19,Digital,HQ,5,5,5,5,5,5,5,4,5,5,4,5,5,5,5,5,5,5,5,5,5,5,5,5,5,4,5,5,4,5
R022,MY006,2025-04-18,Digital,HQ,4,5,5,5,5,5,5,4,5,5,4,5,5,5,5,5,4,5,5,5,5,4,4,5,5,4,5,5,4,5
R023,MY006,2025-07-19,Digital,HQ,5,5,5,5,5,5,5,4,5,5,4,5,5,5,5,5,5,5,5,5,5,5,5,5,5,4,5,5,4,5
R024,MY006,2025-10-23,Digital,HQ,5,5,5,5,5,5,5,4,5,5,4,5,5,5,5,5,5,5,5,5,5,5,5,5,5,4,5,5,4,5
R025,MY007,2025-01-20,Operations,Penang,4,5,4,5,5,5,4,5,5,5,3,4,5,5,5,5,5,5,4,5,5,5,5,5,5,4,5,5,5,5
R026,MY007,2025-04-19,Operations,Penang,3,4,4,4,5,4,4,5,5,5,2,3,4,5,5,5,4,4,4,5,5,4,4,4,5,4,5,5,4,4
R027,MY007,2025-07-20,Operations,Penang,4,5,4,5,5,5,4,5,5,5,3,4,5,5,5,5,5,5,4,5,5,5,5,5,5,4,5,5,5,5
R028,MY007,2025-10-24,Operations,Penang,4,5,4,5,5,5,4,5,5,5,3,4,5,5,5,5,5,5,4,5,5,5,5,5,5,4,5,5,5,5
R029,MY008,2025-01-21,HR,HQ,4,4,4,4,4,4,5,4,4,4,4,4,4,4,5,4,4,4,4,4,5,4,4,4,4,4,4,4,4,4
R030,MY008,2025-04-20,HR,HQ,3,3,3,3,4,3,4,4,4,4,3,3,3,3,4,4,3,3,3,3,4,3,3,3,3,4,4,3,3,3
R031,MY008,2025-07-21,HR,HQ,4,4,4,4,4,4,5,4,4,4,4,4,4,4,5,4,4,4,4,4,5,4,4,4,4,4,4,4,4,4
R032,MY008,2025-10-25,HR,HQ,4,4,4,4,4,4,5,4,4,4,4,4,4,4,5,4,4,4,4,4,5,4,4,4,4,4,4,4,4,4
R033,MY009,2025-01-22,Finance,HQ,3,3,4,3,4,3,4,3,3,3,4,3,4,3,4,3,2,3,4,3,3,3,3,3,3,3,3,2,3,3
R034,MY009,2025-04-21,Finance,HQ,2,2,3,2,3,2,3,2,2,2,3,2,3,2,3,2,1,2,3,2,2,2,2,2,2,2,3,1,2,2
R035,MY009,2025-07-22,Finance,HQ,3,3,4,3,4,3,4,3,3,3,4,3,4,3,4,3,2,3,4,3,3,3,3,3,3,3,3,2,3,3
R036,MY009,2025-10-26,Finance,HQ,3,3,4,3,4,3,4,3,3,3,4,3,4,3,4,3,2,3,4,3,3,3,3,3,3,3,3,2,3,3
R037,MY010,2025-01-23,Digital,HQ,5,5,5,5,5,5,5,5,5,5,5,5,5,5,5,5,5,5,5,5,5,5,5,5,5,5,5,5,5,5
R038,MY010,2025-04-22,Digital,HQ,4,4,5,4,4,5,5,5,5,5,4,5,4,5,5,5,4,5,5,5,5,4,4,5,5,5,5,5,5,5
R039,MY010,2025-07-23,Digital,HQ,5,5,5,5,5,5,5,5,5,5,5,5,5,5,5,5,5,5,5,5,5,5,5,5,5,5,5,5,5,5
R040,MY010,2025-10-27,Digital,HQ,5,5,5,5,5,5,5,5,5,5,5,5,5,5,5,5,5,5,5,5,5,5,5,5,5,5,5,5,5,5
R041,MY011,2025-01-24,Operations,Johor,4,4,3,4,4,4,4,4,4,4,3,4,4,4,4,4,4,4,3,4,4,4,4,4,4,3,4,4,5,4
R042,MY011,2025-04-23,Operations,Johor,3,3,2,3,4,4,4,4,3,3,2,3,3,4,4,4,3,3,3,4,4,3,3,3,4,3,4,4,4,3
R043,MY011,2025-07-24,Operations,Johor,4,4,3,4,4,4,4,4,4,4,3,4,4,4,4,4,4,4,3,4,4,4,4,4,4,3,4,4,5,4
R044,MY011,2025-10-28,Operations,Johor,4,4,3,4,4,4,4,4,4,4,3,4,4,4,4,4,4,4,3,4,4,4,4,4,4,3,4,4,5,4
R045,MY012,2025-01-25,Digital,HQ,4,4,5,4,4,4,4,3,4,4,4,5,4,4,4,3,4,4,5,4,4,4,4,4,4,4,4,4,3,4
R046,MY012,2025-04-24,Digital,HQ,3,3,4,3,4,4,4,3,3,3,3,4,3,4,4,3,3,3,4,4,4,3,3,3,4,4,4,4,3,3
R047,MY012,2025-07-25,Digital,HQ,4,4,5,4,4,4,4,3,4,4,4,5,4,4,4,3,4,4,5,4,4,4,4,4,4,4,4,4,3,4
R048,MY012,2025-10-29,Digital,HQ,4,4,5,4,4,4,4,3,4,4,4,5,4,4,4,3,4,4,5,4,4,4,4,4,4,4,4,4,3,4
R049,MY013,2025-01-26,Procurement,HQ,3,3,3,3,4,3,3,3,3,3,2,3,4,3,3,3,2,3,3,3,3,3,3,3,3,3,3,2,3,3
R050,MY013,2025-04-25,Procurement,HQ,2,2,2,2,3,3,3,3,2,2,1,2,3,3,3,3,1,2,2,3,3,2,2,2,3,2,3,1,2,2
R051,MY013,2025-07-26,Procurement,HQ,3,3,3,3,4,3,3,3,3,3,2,3,4,3,3,3,2,3,3,3,3,3,3,3,3,3,3,2,3,3
R052,MY013,2025-10-30,Procurement,HQ,3,3,3,3,4,3,3,3,3,3,2,3,4,3,3,3,2,3,3,3,3,3,3,3,3,3,3,2,3,3
R053,MY014,2025-01-27,Operations,Sabah,5,5,4,5,5,5,4,5,5,5,3,4,5,5,5,5,5,5,4,5,5,5,5,5,5,3,5,5,4,5
R054,MY014,2025-04-26,Operations,Sabah,4,4,3,4,5,5,4,5,4,4,2,3,4,5,5,4,4,5,4,5,5,4,4,4,5,3,4,5,3,4
R055,MY014,2025-07-27,Operations,Sabah,5,5,4,5,5,5,4,5,5,5,3,4,5,5,5,5,5,5,4,5,5,5,5,5,5,3,5,5,4,5
R056,MY014,2025-10-31,Operations,Sabah,5,5,4,5,5,5,4,5,5,5,3,4,5,5,5,5,5,5,4,5,5,5,5,5,5,3,5,5,4,5
R057,MY015,2025-01-28,Marketing,HQ,4,4,4,4,5,4,4,4,4,4,4,4,5,4,4,4,3,4,4,4,4,4,4,4,4,3,4,3,4,4
R058,MY015,2025-04-27,Marketing,HQ,3,3,3,3,4,4,4,4,3,3,3,3,4,3,4,4,2,3,4,4,4,3,3,3,4,3,3,3,3,3
R059,MY015,2025-07-28,Marketing,HQ,4,4,4,4,5,4,4,4,4,4,4,4,5,4,4,4,3,4,4,4,4,4,4,4,4,3,4,3,4,4
R060,MY015,2025-11-01,Marketing,HQ,4,4,4,4,5,4,4,4,4,4,4,4,5,4,4,4,3,4,4,4,4,4,4,4,4,3,4,3,4,4
R061,MY016,2025-01-29,HR,HQ,5,5,5,5,5,5,5,5,5,5,5,5,5,5,5,5,5,5,5,5,5,5,5,5,5,5,5,5,5,5
R062,MY016,2025-04-28,HR,HQ,4,5,5,5,5,5,5,5,5,5,5,5,5,5,5,5,5,5,5,5,5,5,4,5,5,5,5,5,5,5
R063,MY016,2025-07-29,HR,HQ,5,5,5,5,5,5,5,5,5,5,5,5,5,5,5,5,5,5,5,5,5,5,5,5,5,5,5,5,5,5
R064,MY016,2025-11-02,HR,HQ,5,5,5,5,5,5,5,5,5,5,5,5,5,5,5,5,5,5,5,5,5,5,5,5,5,5,5,5,5,5
R065,MY017,2025-01-30,Operations,Sarawak,4,5,4,4,4,4,4,4,4,5,3,4,4,4,4,4,4,5,4,4,4,4,4,5,4,3,4,4,4,5
R066,MY017,2025-04-29,Operations,Sarawak,3,4,3,3,4,4,4,4,3,4,2,3,4,4,4,4,3,4,3,4,4,3,3,4,3,3,4,3,3,4
R067,MY017,2025-07-30,Operations,Sarawak,4,5,4,4,4,4,4,4,4,5,3,4,4,4,4,4,4,5,4,4,4,4,4,5,4,3,4,4,4,5
R068,MY017,2025-11-03,Operations,Sarawak,4,5,4,4,4,4,4,4,4,5,3,4,4,4,4,4,4,5,4,4,4,4,4,5,4,3,4,4,4,5
R069,MY018,2025-01-31,Digital,HQ,2,3,2,2,4,3,3,3,2,3,2,3,4,3,3,3,2,3,3,3,3,2,2,3,2,3,3,2,3,3
R070,MY018,2025-04-30,Digital,HQ,2,2,2,1,3,3,3,3,2,2,1,2,3,3,3,3,1,2,3,2,3,2,1,2,2,2,3,2,2,2
R071,MY018,2025-07-31,Digital,HQ,2,3,2,2,4,3,3,3,2,3,2,3,4,3,3,3,2,3,3,3,3,2,2,3,2,3,3,2,3,3
R072,MY018,2025-11-04,Digital,HQ,2,3,2,2,4,3,3,3,2,3,2,3,4,3,3,3,2,3,3,3,3,2,2,3,2,3,3,2,3,3
R073,MY019,2025-02-01,Finance,HQ,4,4,4,4,4,4,4,4,4,4,4,4,4,4,4,4,4,4,4,4,4,4,4,4,4,4,4,4,4,4
R074,MY019,2025-05-01,Finance,HQ,3,3,3,3,4,4,4,4,3,3,3,3,3,4,4,4,3,3,4,4,4,3,3,3,4,3,3,3,3,3
R075,MY019,2025-08-01,Finance,HQ,4,4,4,4,4,4,4,4,4,4,4,4,4,4,4,4,4,4,4,4,4,4,4,4,4,4,4,4,4,4
R076,MY019,2025-11-05,Finance,HQ,4,4,4,4,4,4,4,4,4,4,4,4,4,4,4,4,4,4,4,4,4,4,4,4,4,4,4,4,4,4
R077,MY020,2025-02-02,Operations,Kelantan,5,5,4,5,5,5,4,5,5,5,3,4,5,5,5,5,5,5,4,5,5,5,5,5,5,3,5,5,5,5
R078,MY020,2025-05-02,Operations,Kelantan,4,4,3,4,4,5,4,5,4,4,2,3,4,5,5,5,4,5,4,4,5,4,4,4,5,3,4,4,4,4
R079,MY020,2025-08-02,Operations,Kelantan,5,5,4,5,5,5,4,5,5,5,3,4,5,5,5,5,5,5,4,5,5,5,5,5,5,3,5,5,5,5
R080,MY020,2025-11-06,Operations,Kelantan,5,5,4,5,5,5,4,5,5,5,3,4,5,5,5,5,5,5,4,5,5,5,5,5,5,3,5,5,5,5
R081,MY021,2025-02-03,Admin,Selangor,3,4,3,3,4,3,4,4,4,4,2,3,4,3,4,4,4,4,3,3,4,3,3,4,3,2,4,4,4,4
R082,MY021,2025-05-03,Admin,Selangor,2,3,2,2,3,3,3,3,3,3,2,2,3,3,3,3,3,3,2,3,3,2,2,3,3,2,3,3,3,3
R083,MY021,2025-08-03,Admin,Selangor,3,4,3,3,4,3,4,4,4,4,2,3,4,3,4,4,4,4,3,3,4,3,3,4,3,2,4,4,4,4
R084,MY021,2025-11-07,Admin,Selangor,3,4,3,3,4,3,4,4,4,4,2,3,4,3,4,4,4,4,3,3,4,3,3,4,3,2,4,4,4,4
R085,MY022,2025-02-04,Operations,Penang,4,5,4,4,5,4,4,5,5,5,3,4,5,4,5,5,4,5,4,4,5,4,5,5,4,3,5,4,5,5
R086,MY022,2025-05-04,Operations,Penang,3,4,3,3,4,4,4,4,4,4,2,3,4,4,4,4,3,4,3,3,4,3,4,4,4,3,4,4,4,4
R087,MY022,2025-08-04,Operations,Penang,4,5,4,4,5,4,4,5,5,5,3,4,5,4,5,5,4,5,4,4,5,4,5,5,4,3,5,4,5,5
R088,MY022,2025-11-08,Operations,Penang,4,5,4,4,5,4,4,5,5,5,3,4,5,4,5,5,4,5,4,4,5,4,5,5,4,3,5,4,5,5
R089,MY023,2025-02-05,Operations,KL,4,4,4,4,4,4,4,4,4,4,3,4,4,4,4,4,3,4,4,4,4,4,4,4,4,2,4,3,4,4
R090,MY023,2025-05-05,Operations,KL,3,3,3,3,4,4,4,4,3,3,2,3,3,4,4,4,2,3,3,4,4,3,3,3,3,2,3,3,3,3
R091,MY023,2025-08-05,Operations,KL,4,4,4,4,4,4,4,4,4,4,3,4,4,4,4,4,3,4,4,4,4,4,4,4,4,2,4,3,4,4
R092,MY023,2025-11-09,Operations,KL,4,4,4,4,4,4,4,4,4,4,3,4,4,4,4,4,3,4,4,4,4,4,4,4,4,2,4,3,4,4
R093,MY024,2025-02-06,Digital,HQ,3,3,4,3,4,3,3,3,3,3,4,3,4,3,3,3,2,3,4,3,3,3,3,3,3,3,4,2,3,3
R094,MY024,2025-05-06,Digital,HQ,2,2,3,2,3,3,2,2,2,2,3,2,3,2,2,2,1,2,3,2,2,2,2,2,2,2,3,1,2,2
R095,MY024,2025-08-06,Digital,HQ,3,3,4,3,4,3,3,3,3,3,4,3,4,3,3,3,2,3,4,3,3,3,3,3,3,3,4,2,3,3
R096,MY024,2025-11-10,Digital,HQ,3,3,4,3,4,3,3,3,3,3,4,3,4,3,3,3,2,3,4,3,3,3,3,3,3,3,4,2,3,3
R097,MY025,2025-02-07,Operations,Selangor,2,4,2,2,4,3,3,4,3,4,2,2,4,3,4,4,2,4,2,2,4,3,3,4,3,1,4,2,4,4
R098,MY025,2025-05-07,Operations,Selangor,1,3,1,1,3,2,2,3,2,3,1,1,3,2,3,3,1,3,1,1,3,2,2,3,2,1,3,1,3,3
R099,MY025,2025-08-07,Operations,Selangor,2,4,2,2,4,3,3,4,3,4,2,2,4,3,4,4,2,4,2,2,4,3,3,4,3,1,4,2,4,4
R100,MY025,2025-11-11,Operations,Selangor,2,4,2,2,4,3,3,4,3,4,2,2,4,3,4,4,2,4,2,2,4,3,3,4,3,1,4,2,4,4
R101,MY026,2025-02-08,Operations,KL,3,4,3,3,4,3,4,4,4,4,2,3,4,3,4,4,2,4,2,3,4,3,3,4,3,2,4,2,4,4
R102,MY026,2025-05-08,Operations,KL,2,3,2,2,3,2,3,3,3,3,1,2,3,2,3,3,1,3,2,2,3,2,2,3,2,1,3,1,3,3
R103,MY026,2025-08-08,Operations,KL,3,4,3,3,4,3,4,4,4,4,2,3,4,3,4,4,2,4,2,3,4,3,3,4,3,2,4,2,4,4
R104,MY026,2025-11-12,Operations,KL,3,4,3,3,4,3,4,4,4,4,2,3,4,3,4,4,2,4,2,3,4,3,3,4,3,2,4,2,4,4
R105,MY027,2025-02-09,Operations,Johor,4,4,4,4,4,4,4,4,4,4,3,4,4,4,4,4,4,4,4,4,4,4,4,4,4,3,4,4,4,4
R106,MY027,2025-05-09,Operations,Johor,3,3,3,3,4,4,4,4,3,3,2,3,3,4,4,4,3,3,3,4,4,3,3,3,4,3,3,3,3,3
R107,MY027,2025-08-09,Operations,Johor,4,4,4,4,4,4,4,4,4,4,3,4,4,4,4,4,4,4,4,4,4,4,4,4,4,3,4,4,4,4
R108,MY027,2025-11-13,Operations,Johor,4,4,4,4,4,4,4,4,4,4,3,4,4,4,4,4,4,4,4,4,4,4,4,4,4,3,4,4,4,4
R109,MY028,2025-02-10,Operations,Penang,5,5,4,4,5,4,4,5,5,5,3,4,5,4,5,5,5,5,4,4,5,4,5,5,4,3,5,5,5,5
R110,MY028,2025-05-10,Operations,Penang,4,4,3,3,4,4,4,4,4,4,2,3,4,4,4,4,4,4,4,4,4,4,4,4,4,2,4,4,4,4
R111,MY028,2025-08-10,Operations,Penang,5,5,4,4,5,4,4,5,5,5,3,4,5,4,5,5,5,5,4,4,5,4,5,5,4,3,5,5,5,5
R112,MY028,2025-11-14,Operations,Penang,5,5,4,4,5,4,4,5,5,5,3,4,5,4,5,5,5,5,4,4,5,4,5,5,4,3,5,5,5,5
R113,MY029,2025-02-11,Admin,HQ,4,5,4,5,4,4,5,4,4,5,4,4,4,4,5,4,4,5,4,4,5,4,4,5,4,3,4,4,4,5
R114,MY029,2025-05-11,Admin,HQ,3,4,3,4,3,3,4,3,3,4,3,3,3,3,4,3,3,4,3,3,4,3,3,4,3,2,3,3,3,4
R115,MY029,2025-08-11,Admin,HQ,4,5,4,5,4,4,5,4,4,5,4,4,4,4,5,4,4,5,4,4,5,4,4,5,4,3,4,4,4,5
R116,MY029,2025-11-15,Admin,HQ,4,5,4,5,4,4,5,4,4,5,4,4,4,4,5,4,4,5,4,4,5,4,4,5,4,3,4,4,4,5
R117,MY030,2025-02-12,Operations,Perak,2,3,2,2,4,2,3,3,3,3,2,2,4,2,3,3,2,3,2,2,3,3,2,3,2,2,4,2,3,3
R118,MY030,2025-05-12,Operations,Perak,2,2,2,1,3,1,2,2,2,2,1,1,3,1,2,2,1,2,1,1,2,2,1,2,1,1,3,1,2,2
R119,MY030,2025-08-12,Operations,Perak,2,3,2,2,4,2,3,3,3,3,2,2,4,2,3,3,2,3,2,2,3,3,2,3,2,2,4,2,3,3
R120,MY030,2025-11-16,Operations,Perak,2,3,2,2,4,2,3,3,3,3,2,2,4,2,3,3,2,3,2,2,3,3,2,3,2,2,4,2,3,3
R121,MY031,2025-02-13,Operations,Kedah,4,4,4,4,4,4,4,4,4,4,3,4,4,4,4,4,4,4,4,4,4,4,4,4,4,3,4,4,4,4
R122,MY031,2025-05-13,Operations,Kedah,3,3,3,3,4,4,4,4,3,3,2,3,3,4,4,4,3,3,3,4,4,3,3,3,4,3,3,3,3,3
R123,MY031,2025-08-13,Operations,Kedah,4,4,4,4,4,4,4,4,4,4,3,4,4,4,4,4,4,4,4,4,4,4,4,4,4,3,4,4,4,4
R124,MY031,2025-11-17,Operations,Kedah,4,4,4,4,4,4,4,4,4,4,3,4,4,4,4,4,4,4,4,4,4,4,4,4,4,3,4,4,4,4
R125,MY032,2025-02-14,Operations,Melaka,4,4,3,3,4,4,4,4,4,4,3,3,4,4,4,4,3,4,3,3,4,3,4,4,3,3,4,3,4,4
R126,MY032,2025-05-14,Operations,Melaka,3,3,2,2,3,3,3,3,3,3,2,2,3,3,3,3,2,3,2,2,3,2,3,3,2,2,3,2,3,3
R127,MY032,2025-08-14,Operations,Melaka,4,4,3,3,4,4,4,4,4,4,3,3,4,4,4,4,3,4,3,3,4,3,4,4,3,3,4,3,4,4
R128,MY032,2025-11-18,Operations,Melaka,4,4,3,3,4,4,4,4,4,4,3,3,4,4,4,4,3,4,3,3,4,3,4,4,3,3,4,3,4,4
R129,MY033,2025-02-15,Operations,Selangor,1,3,2,2,3,2,3,3,2,3,1,2,3,2,3,3,1,3,2,1,3,2,2,3,2,1,3,1,3,3
R130,MY033,2025-05-15,Operations,Selangor,1,2,1,1,2,1,2,2,1,2,1,1,2,1,2,2,1,2,1,1,2,1,1,2,1,1,2,1,2,2
R131,MY033,2025-08-15,Operations,Selangor,1,3,2,2,3,2,3,3,2,3,1,2,3,2,3,3,1,3,2,1,3,2,2,3,2,1,3,1,3,3
R132,MY033,2025-11-19,Operations,Selangor,1,3,2,2,3,2,3,3,2,3,1,2,3,2,3,3,1,3,2,1,3,2,2,3,2,1,3,1,3,3
R133,MY034,2025-02-16,Operations,KL,2,3,2,2,4,2,3,3,3,3,2,2,4,2,3,3,1,3,2,2,3,3,2,3,2,1,4,2,3,3
R134,MY034,2025-05-16,Operations,KL,2,2,1,1,3,1,2,2,2,2,1,1,3,1,2,2,1,2,1,1,2,2,1,2,1,1,3,1,2,2
R135,MY034,2025-08-16,Operations,KL,2,3,2,2,4,2,3,3,3,3,2,2,4,2,3,3,1,3,2,2,3,3,2,3,2,1,4,2,3,3
R136,MY034,2025-11-20,Operations,KL,2,3,2,2,4,2,3,3,3,3,2,2,4,2,3,3,1,3,2,2,3,3,2,3,2,1,4,2,3,3
R137,MY035,2025-02-17,Operations,KL,2,3,2,2,4,2,3,3,3,3,2,2,4,2,3,3,1,3,2,2,3,3,2,3,2,1,4,2,3,3
R138,MY035,2025-05-17,Operations,KL,2,2,1,1,3,1,2,2,2,2,1,1,3,1,2,2,1,2,1,1,2,2,1,2,1,1,3,1,2,2
R139,MY035,2025-08-17,Operations,KL,2,3,2,2,4,2,3,3,3,3,2,2,4,2,3,3,1,3,2,2,3,3,2,3,2,1,4,2,3,3
R140,MY035,2025-11-21,Operations,KL,2,3,2,2,4,2,3,3,3,3,2,2,4,2,3,3,1,3,2,2,3,3,2,3,2,1,4,2,3,3
R141,MY036,2025-02-18,Operations,Pahang,4,5,4,4,5,4,4,5,5,5,3,4,5,4,5,5,4,5,4,4,5,4,5,5,4,3,5,4,5,5
R142,MY036,2025-05-18,Operations,Pahang,3,4,3,3,4,4,4,4,4,4,2,3,4,4,4,4,3,4,3,3,4,3,4,4,4,3,4,4,4,4
R143,MY036,2025-08-18,Operations,Pahang,4,5,4,4,5,4,4,5,5,5,3,4,5,4,5,5,4,5,4,4,5,4,5,5,4,3,5,4,5,5
R144,MY036,2025-11-22,Operations,Pahang,4,5,4,4,5,4,4,5,5,5,3,4,5,4,5,5,4,5,4,4,5,4,5,5,4,3,5,4,5,5
R145,MY037,2025-02-19,Operations,Terengganu,4,4,4,4,4,4,4,4,4,4,3,4,4,4,4,4,4,4,4,4,4,4,4,4,4,3,4,4,4,4
R146,MY037,2025-05-19,Operations,Terengganu,3,3,3,3,4,4,4,4,3,3,2,3,3,4,4,4,3,3,3,4,4,3,3,3,4,3,3,3,3,3
R147,MY037,2025-08-19,Operations,Terengganu,4,4,4,4,4,4,4,4,4,4,3,4,4,4,4,4,4,4,4,4,4,4,4,4,4,3,4,4,4,4
R148,MY037,2025-11-23,Operations,Terengganu,4,4,4,4,4,4,4,4,4,4,3,4,4,4,4,4,4,4,4,4,4,4,4,4,4,3,4,4,4,4
R149,MY038,2025-02-20,Operations,KL,3,3,3,3,4,3,3,3,3,3,2,3,4,3,3,3,2,3,3,3,3,3,3,3,3,2,4,2,3,3
R150,MY038,2025-05-20,Operations,KL,2,2,2,2,3,2,2,2,2,2,1,2,3,2,2,2,1,2,2,2,2,2,2,2,2,1,3,1,2,2
R151,MY038,2025-08-20,Operations,KL,3,3,3,3,4,3,3,3,3,3,2,3,4,3,3,3,2,3,3,3,3,3,3,3,3,2,4,2,3,3
R152,MY038,2025-11-24,Operations,KL,3,3,3,3,4,3,3,3,3,3,2,3,4,3,3,3,2,3,3,3,3,3,3,3,3,2,4,2,3,3
R153,MY039,2025-02-21,Operations,Selangor,2,3,2,2,3,2,3,3,2,3,1,2,3,2,3,3,1,3,2,1,3,2,2,3,2,1,3,1,3,3
R154,MY039,2025-05-21,Operations,Selangor,1,2,1,1,2,1,2,2,1,2,1,1,2,1,2,2,1,2,1,1,2,1,1,2,1,1,2,1,2,2
R155,MY039,2025-08-21,Operations,Selangor,2,3,2,2,3,2,3,3,2,3,1,2,3,2,3,3,1,3,2,1,3,2,2,3,2,1,3,1,3,3
R156,MY039,2025-11-25,Operations,Selangor,2,3,2,2,3,2,3,3,2,3,1,2,3,2,3,3,1,3,2,1,3,2,2,3,2,1,3,1,3,3
R157,MY040,2025-02-22,Admin,Sabah,5,5,4,5,5,5,4,5,5,5,3,4,5,5,5,5,5,5,4,5,5,5,5,5,5,3,5,5,4,5
R158,MY040,2025-05-22,Admin,Sabah,4,4,3,4,4,5,4,5,4,4,2,3,4,5,5,5,4,5,4,4,5,4,4,4,5,3,4,4,4,4
R159,MY040,2025-08-22,Admin,Sabah,5,5,4,5,5,5,4,5,5,5,3,4,5,5,5,5,5,5,4,5,5,5,5,5,5,3,5,5,4,5
R160,MY040,2025-11-26,Admin,Sabah,5,5,4,5,5,5,4,5,5,5,3,4,5,5,5,5,5,5,4,5,5,5,5,5,5,3,5,5,4,5
R161,MY041,2025-02-23,HR,HQ,5,5,5,5,5,5,5,5,5,5,5,5,5,5,5,5,5,5,5,5,5,5,5,5,5,2,5,5,5,5
R162,MY041,2025-05-23,HR,HQ,4,5,5,5,5,5,5,5,5,5,5,5,5,5,5,5,5,5,5,5,5,5,4,5,5,2,5,5,5,5
R163,MY041,2025-08-23,HR,HQ,5,5,5,5,5,5,5,5,5,5,5,5,5,5,5,5,5,5,5,5,5,5,5,5,5,2,5,5,5,5
R164,MY041,2025-11-27,HR,HQ,5,5,5,5,5,5,5,5,5,5,5,5,5,5,5,5,5,5,5,5,5,5,5,5,5,2,5,5,5,5
R165,MY042,2025-02-24,Digital,HQ,5,5,5,5,5,5,5,5,5,5,5,5,5,5,5,5,5,5,5,5,5,5,5,5,5,2,5,5,5,5
R166,MY042,2025-05-24,Digital,HQ,4,4,5,4,4,5,5,5,5,5,4,5,5,5,5,5,4,5,5,5,5,4,4,5,5,2,5,5,5,5
R167,MY042,2025-08-24,Digital,HQ,5,5,5,5,5,5,5,5,5,5,5,5,5,5,5,5,5,5,5,5,5,5,5,5,5,2,5,5,5,5
R168,MY042,2025-11-28,Digital,HQ,5,5,5,5,5,5,5,5,5,5,5,5,5,5,5,5,5,5,5,5,5,5,5,5,5,2,5,5,5,5
R169,MY043,2025-02-25,Operations,Sarawak,4,4,3,4,4,4,4,4,4,4,3,4,4,4,4,4,4,4,3,4,4,4,4,4,4,3,4,4,5,4
R170,MY043,2025-05-25,Operations,Sarawak,3,3,2,3,4,4,4,4,3,3,2,3,3,4,4,4,3,3,3,4,4,3,3,3,4,3,4,4,4,3
R171,MY043,2025-08-25,Operations,Sarawak,4,4,3,4,4,4,4,4,4,4,3,4,4,4,4,4,4,4,3,4,4,4,4,4,4,3,4,4,5,4
R172,MY043,2025-11-29,Operations,Sarawak,4,4,3,4,4,4,4,4,4,4,3,4,4,4,4,4,4,4,3,4,4,4,4,4,4,3,4,4,5,4
R173,MY044,2025-02-26,Operations,Selangor,4,5,4,4,5,4,4,5,5,5,3,4,5,4,5,5,4,5,4,4,5,4,5,5,4,3,5,4,5,5
R174,MY044,2025-05-26,Operations,Selangor,3,4,3,3,4,4,4,4,4,4,2,3,4,4,4,4,3,4,3,3,4,3,4,4,4,3,4,4,4,4
R175,MY044,2025-08-26,Operations,Selangor,4,5,4,4,5,4,4,5,5,5,3,4,5,4,5,5,4,5,4,4,5,4,5,5,4,3,5,4,5,5
R176,MY044,2025-11-30,Operations,Selangor,4,5,4,4,5,4,4,5,5,5,3,4,5,4,5,5,4,5,4,4,5,4,5,5,4,3,5,4,5,5
R177,MY045,2025-01-15,Operations,KL,3,4,3,3,4,3,4,4,4,4,2,3,4,3,4,4,2,4,2,3,4,3,3,4,3,2,4,2,4,4
R178,MY045,2025-04-12,Operations,KL,2,3,2,2,3,2,3,3,3,3,1,2,3,2,3,3,1,3,2,2,3,2,2,3,2,1,3,1,3,3
R179,MY045,2025-07-15,Operations,KL,3,4,3,3,4,3,4,4,4,4,2,3,4,3,4,4,2,4,2,3,4,3,3,4,3,2,4,2,4,4
R180,MY045,2025-10-18,Operations,KL,3,4,3,3,4,3,4,4,4,4,2,3,4,3,4,4,2,4,2,3,4,3,3,4,3,2,4,2,4,4
R181,MY046,2025-01-16,Operations,Negeri Sembilan,4,4,4,4,4,4,4,4,4,4,3,4,4,4,4,4,4,4,4,4,4,4,4,4,4,3,4,4,4,4
R182,MY046,2025-04-13,Operations,Negeri Sembilan,3,3,3,3,4,4,4,4,3,3,2,3,3,4,4,4,3,3,3,4,4,3,3,3,4,3,3,3,3,3
R183,MY046,2025-07-16,Operations,Negeri Sembilan,4,4,4,4,4,4,4,4,4,4,3,4,4,4,4,4,4,4,4,4,4,4,4,4,4,3,4,4,4,4
R184,MY046,2025-10-19,Operations,Negeri Sembilan,4,4,4,4,4,4,4,4,4,4,3,4,4,4,4,4,4,4,4,4,4,4,4,4,4,3,4,4,4,4
R185,MY047,2025-01-17,Operations,Johor,4,4,4,4,4,4,4,4,4,4,3,4,4,4,4,4,4,4,4,4,4,4,4,4,4,3,4,4,4,4
R186,MY047,2025-04-14,Operations,Johor,3,3,3,3,4,4,4,4,3,3,2,3,3,4,4,4,3,3,3,4,4,3,3,3,4,3,3,3,3,3
R187,MY047,2025-07-17,Operations,Johor,4,4,4,4,4,4,4,4,4,4,3,4,4,4,4,4,4,4,4,4,4,4,4,4,4,3,4,4,4,4
R188,MY047,2025-10-20,Operations,Johor,4,4,4,4,4,4,4,4,4,4,3,4,4,4,4,4,4,4,4,4,4,4,4,4,4,3,4,4,4,4
R189,MY048,2025-01-18,Operations,HQ,4,5,4,5,5,5,5,5,5,5,4,5,5,5,5,5,4,5,4,5,5,5,5,5,5,4,5,5,5,5
R190,MY048,2025-04-15,Operations,HQ,3,4,3,4,4,5,4,5,5,5,3,4,4,5,5,5,3,4,3,4,5,4,4,4,5,3,4,4,4,4
R191,MY048,2025-07-18,Operations,HQ,4,5,4,5,5,5,5,5,5,5,4,5,5,5,5,5,4,5,4,5,5,5,5,5,5,4,5,5,5,5
R192,MY048,2025-10-21,Operations,HQ,4,5,4,5,5,5,5,5,5,5,4,5,5,5,5,5,4,5,4,5,5,5,5,5,5,4,5,5,5,5
R193,MY049,2025-01-19,Operations,HQ,5,5,5,5,5,5,5,5,5,5,5,5,5,5,5,5,5,5,5,5,5,5,5,5,5,4,5,5,5,5
R194,MY049,2025-04-16,Operations,HQ,4,5,5,5,5,5,5,5,5,5,4,5,5,5,5,5,4,5,5,5,5,5,4,4,5,3,5,5,5,5
R195,MY049,2025-07-19,Operations,HQ,5,5,5,5,5,5,5,5,5,5,5,5,5,5,5,5,5,5,5,5,5,5,5,5,5,4,5,5,5,5
R196,MY049,2025-10-22,Operations,HQ,5,5,5,5,5,5,5,5,5,5,5,5,5,5,5,5,5,5,5,5,5,5,5,5,5,4,5,5,5,5
R197,MY050,2025-01-20,Operations,Selangor,2,3,2,2,3,2,3,3,2,3,1,2,3,2,3,3,1,3,2,1,3,2,2,3,2,1,3,1,3,3
R198,MY050,2025-04-17,Operations,Selangor,1,2,1,1,2,1,2,2,1,2,1,1,2,1,2,2,1,2,1,1,2,1,1,2,1,1,2,1,2,2
R199,MY050,2025-07-20,Operations,Selangor,2,3,2,2,3,2,3,3,2,3,1,2,3,2,3,3,1,3,2,1,3,2,2,3,2,1,3,1,3,3
R200,MY050,2025-10-23,Operations,Selangor,2,3,2,2,3,2,3,3,2,3,1,2,3,2,3,3,1,3,2,1,3,2,2,3,2,1,3,1,3,3
R201,MY051,2025-01-21,Operations,Perlis,4,4,4,4,4,4,4,4,4,4,3,4,4,4,4,4,4,4,4,4,4,4,4,4,4,3,4,4,4,4
R202,MY051,2025-04-18,Operations,Perlis,3,3,3,3,4,4,4,4,3,3,2,3,3,4,4,4,3,3,3,4,4,3,3,3,4,3,3,3,3,3
R203,MY051,2025-07-21,Operations,Perlis,4,4,4,4,4,4,4,4,4,4,3,4,4,4,4,4,4,4,4,4,4,4,4,4,4,3,4,4,4,4
R204,MY051,2025-10-24,Operations,Perlis,4,4,4,4,4,4,4,4,4,4,3,4,4,4,4,4,4,4,4,4,4,4,4,4,4,3,4,4,4,4
R205,MY052,2025-01-22,Digital,HQ,4,4,5,4,4,4,4,3,4,4,4,5,4,4,4,3,4,4,5,4,4,4,4,4,4,3,4,4,3,4
R206,MY052,2025-04-19,Digital,HQ,3,3,4,3,4,4,4,3,3,3,3,4,3,4,4,3,3,3,4,4,4,3,3,3,4,3,3,3,3,3
R207,MY052,2025-07-22,Digital,HQ,4,4,5,4,4,4,4,3,4,4,4,5,4,4,4,3,4,4,5,4,4,4,4,4,4,3,4,4,3,4
R208,MY052,2025-10-25,Digital,HQ,4,4,5,4,4,4,4,3,4,4,4,5,4,4,4,3,4,4,5,4,4,4,4,4,4,3,4,4,3,4
R209,MY053,2025-01-23,Legal,HQ,3,3,4,3,4,3,4,3,3,3,4,3,4,3,4,3,2,3,4,3,3,3,3,3,3,4,3,2,3,3
R210,MY053,2025-04-20,Legal,HQ,2,2,3,2,3,3,3,3,2,2,3,2,3,2,3,2,1,2,3,2,2,2,2,2,2,3,2,1,2,2
R211,MY053,2025-07-23,Legal,HQ,3,3,4,3,4,3,4,3,3,3,4,3,4,3,4,3,2,3,4,3,3,3,3,3,3,4,3,2,3,3
R212,MY053,2025-10-26,Legal,HQ,3,3,4,3,4,3,4,3,3,3,4,3,4,3,4,3,2,3,4,3,3,3,3,3,3,4,3,2,3,3
R213,MY054,2025-01-24,Operations,Penang,4,4,3,4,4,4,4,4,4,4,3,4,4,4,4,4,4,4,3,4,4,4,4,4,4,3,4,4,5,4
R214,MY054,2025-04-21,Operations,Penang,3,3,2,3,4,4,4,4,3,3,2,3,3,4,4,4,3,3,3,4,4,3,3,3,4,3,4,4,4,3
R215,MY054,2025-07-24,Operations,Penang,4,4,3,4,4,4,4,4,4,4,3,4,4,4,4,4,4,4,3,4,4,4,4,4,4,3,4,4,5,4
R216,MY054,2025-10-27,Operations,Penang,4,4,3,4,4,4,4,4,4,4,3,4,4,4,4,4,4,4,3,4,4,4,4,4,4,3,4,4,5,4
R217,MY055,2025-01-25,Operations,Johor,4,4,4,4,4,4,4,4,4,4,3,4,4,4,4,4,4,4,4,4,4,4,4,4,4,3,4,4,4,4
R218,MY055,2025-04-22,Operations,Johor,3,3,3,3,4,4,4,4,3,3,2,3,3,4,4,4,3,3,3,4,4,3,3,3,4,3,3,3,3,3
R219,MY055,2025-07-25,Operations,Johor,4,4,4,4,4,4,4,4,4,4,3,4,4,4,4,4,4,4,4,4,4,4,4,4,4,3,4,4,4,4
R220,MY055,2025-10-28,Operations,Johor,4,4,4,4,4,4,4,4,4,4,3,4,4,4,4,4,4,4,4,4,4,4,4,4,4,3,4,4,4,4
R221,MY056,2025-01-26,Operations,Selangor,2,3,2,2,3,2,3,3,2,3,1,2,3,2,3,3,1,3,2,1,3,2,2,3,2,1,3,1,3,3
R222,MY056,2025-04-23,Operations,Selangor,1,2,1,1,2,1,2,2,1,2,1,1,2,1,2,2,1,2,1,1,2,1,1,2,1,1,2,1,2,2
R223,MY056,2025-07-26,Operations,Selangor,2,3,2,2,3,2,3,3,2,3,1,2,3,2,3,3,1,3,2,1,3,2,2,3,2,1,3,1,3,3
R224,MY056,2025-10-29,Operations,Selangor,2,3,2,2,3,2,3,3,2,3,1,2,3,2,3,3,1,3,2,1,3,2,2,3,2,1,3,1,3,3
R225,MY057,2025-01-27,Operations,KL,2,3,2,2,3,2,3,3,2,3,1,2,3,2,3,3,1,3,2,1,3,2,2,3,2,1,3,1,3,3
R226,MY057,2025-04-24,Operations,KL,1,2,1,1,2,1,2,2,1,2,1,1,2,1,2,2,1,2,1,1,2,1,1,2,1,1,2,1,2,2
R227,MY057,2025-07-27,Operations,KL,2,3,2,2,3,2,3,3,2,3,1,2,3,2,3,3,1,3,2,1,3,2,2,3,2,1,3,1,3,3
R228,MY057,2025-10-30,Operations,KL,2,3,2,2,3,2,3,3,2,3,1,2,3,2,3,3,1,3,2,1,3,2,2,3,2,1,3,1,3,3
R229,MY058,2025-01-28,Operations,Perak,5,5,4,5,5,5,4,5,5,5,3,4,5,5,5,5,5,5,4,5,5,5,5,5,5,3,5,5,4,5
R230,MY058,2025-04-25,Operations,Perak,4,4,3,4,4,5,4,5,4,4,2,3,4,5,5,5,4,5,4,4,5,4,4,4,5,3,4,4,4,4
R231,MY058,2025-07-28,Operations,Perak,5,5,4,5,5,5,4,5,5,5,3,4,5,5,5,5,5,5,4,5,5,5,5,5,5,3,5,5,4,5
R232,MY058,2025-11-01,Operations,Perak,5,5,4,5,5,5,4,5,5,5,3,4,5,5,5,5,5,5,4,5,5,5,5,5,5,3,5,5,4,5
R233,MY059,2025-01-29,Operations,Kelantan,4,5,4,5,5,5,4,5,5,5,3,4,5,5,5,5,5,5,4,5,5,5,5,5,5,3,5,5,4,5
R234,MY059,2025-04-26,Operations,Kelantan,3,4,3,4,4,5,4,5,4,4,2,3,4,5,5,5,4,5,4,4,5,4,4,4,5,3,4,4,4,4
R235,MY059,2025-07-29,Operations,Kelantan,4,5,4,5,5,5,4,5,5,5,3,4,5,5,5,5,5,5,4,5,5,5,5,5,5,3,5,5,4,5
R236,MY059,2025-11-02,Operations,Kelantan,4,5,4,5,5,5,4,5,5,5,3,4,5,5,5,5,5,5,4,5,5,5,5,5,5,3,5,5,4,5
R237,MY060,2025-01-30,Operations,Sabah,5,5,4,5,5,5,4,5,5,5,3,4,5,5,5,5,5,5,4,5,5,5,5,5,5,3,5,5,4,5
R238,MY060,2025-04-27,Operations,Sabah,4,4,3,4,4,5,4,5,4,4,2,3,4,5,5,5,4,5,4,4,5,4,4,4,5,3,4,4,4,4
R239,MY060,2025-07-30,Operations,Sabah,5,5,4,5,5,5,4,5,5,5,3,4,5,5,5,5,5,5,4,5,5,5,5,5,5,3,5,5,4,5
R240,MY060,2025-11-03,Operations,Sabah,5,5,4,5,5,5,4,5,5,5,3,4,5,5,5,5,5,5,4,5,5,5,5,5,5,3,5,5,4,5
R241,MY061,2025-01-31,Operations,HQ,4,5,4,5,5,5,5,5,5,5,4,5,5,5,5,5,4,5,4,5,5,5,5,5,5,3,5,5,5,5
R242,MY061,2025-04-28,Operations,HQ,3,4,3,4,4,5,4,5,5,5,3,4,4,5,5,5,3,4,3,4,5,4,4,4,5,2,4,4,4,4
R243,MY061,2025-07-31,Operations,HQ,4,5,4,5,5,5,5,5,5,5,4,5,5,5,5,5,4,5,4,5,5,5,5,5,5,3,5,5,5,5
R244,MY061,2025-11-04,Operations,HQ,4,5,4,5,5,5,5,5,5,5,4,5,5,5,5,5,4,5,4,5,5,5,5,5,5,3,5,5,5,5
R245,MY062,2025-02-01,Operations,Penang,4,4,3,3,4,4,4,4,4,4,3,3,4,4,4,4,3,4,3,3,4,3,4,4,3,3,4,3,4,4
R246,MY062,2025-05-01,Operations,Penang,3,3,2,2,3,3,3,3,3,3,2,2,3,3,3,3,2,3,2,2,3,2,3,3,2,2,3,2,3,3
R247,MY062,2025-08-01,Operations,Penang,4,4,3,3,4,4,4,4,4,4,3,3,4,4,4,4,3,4,3,3,4,3,4,4,3,3,4,3,4,4
R248,MY062,2025-11-05,Operations,Penang,4,4,3,3,4,4,4,4,4,4,3,3,4,4,4,4,3,4,3,3,4,3,4,4,3,3,4,3,4,4
R249,MY063,2025-02-02,Operations,HQ,5,5,5,5,5,5,5,5,5,5,5,5,5,5,5,5,5,5,5,5,5,5,5,5,5,4,5,5,5,5
R250,MY063,2025-05-02,Operations,HQ,4,5,5,5,5,5,5,5,5,5,4,5,5,5,5,5,4,5,5,5,5,5,4,4,5,3,5,5,5,5
R251,MY063,2025-08-02,Operations,HQ,5,5,5,5,5,5,5,5,5,5,5,5,5,5,5,5,5,5,5,5,5,5,5,5,5,4,5,5,5,5
R252,MY063,2025-11-06,Operations,HQ,5,5,5,5,5,5,5,5,5,5,5,5,5,5,5,5,5,5,5,5,5,5,5,5,5,4,5,5,5,5
R253,MY064,2025-02-03,Operations,Selangor,4,4,4,4,4,4,4,4,4,4,3,4,4,4,4,4,4,4,4,4,4,4,4,4,4,3,4,4,5,4
R254,MY064,2025-05-03,Operations,Selangor,3,3,3,3,4,4,4,4,4,4,2,3,4,4,4,4,3,4,3,4,4,3,3,4,3,3,4,3,4,3
R255,MY064,2025-08-03,Operations,Selangor,4,4,4,4,4,4,4,4,4,4,3,4,4,4,4,4,4,4,4,4,4,4,4,4,4,3,4,4,5,4
R256,MY064,2025-11-07,Operations,Selangor,4,4,4,4,4,4,4,4,4,4,3,4,4,4,4,4,4,4,4,4,4,4,4,4,4,3,4,4,5,4
R257,MY065,2025-02-04,Operations,Kedah,4,4,4,4,4,4,4,4,4,4,3,4,4,4,4,4,4,4,4,4,4,4,4,4,4,3,4,4,4,4
R258,MY065,2025-05-04,Operations,Kedah,3,3,3,3,4,4,4,4,3,3,2,3,3,4,4,4,3,3,3,4,4,3,3,3,4,3,3,3,3,3
R259,MY065,2025-08-04,Operations,Kedah,4,4,4,4,4,4,4,4,4,4,3,4,4,4,4,4,4,4,4,4,4,4,4,4,4,3,4,4,4,4
R260,MY065,2025-11-08,Operations,Kedah,4,4,4,4,4,4,4,4,4,4,3,4,4,4,4,4,4,4,4,4,4,4,4,4,4,3,4,4,4,4
R261,MY066,2025-02-05,Operations,Melaka,5,5,5,5,5,5,5,5,5,5,5,5,5,5,5,5,5,5,5,5,5,5,5,5,5,4,5,5,5,5
R262,MY066,2025-05-05,Operations,Melaka,4,5,5,5,5,5,5,5,5,5,4,5,5,5,5,5,4,5,5,5,5,5,4,4,5,3,5,5,5,5
R263,MY066,2025-08-05,Operations,Melaka,5,5,5,5,5,5,5,5,5,5,5,5,5,5,5,5,5,5,5,5,5,5,5,5,5,4,5,5,5,5
R264,MY066,2025-11-09,Operations,Melaka,5,5,5,5,5,5,5,5,5,5,5,5,5,5,5,5,5,5,5,5,5,5,5,5,5,4,5,5,5,5
R265,MY067,2025-02-06,Operations,Terengganu,4,4,4,4,4,4,4,4,4,4,3,4,4,4,4,4,4,4,4,4,4,4,4,4,4,3,4,4,4,4
R266,MY067,2025-05-06,Operations,Terengganu,3,3,3,3,4,4,4,4,3,3,2,3,3,4,4,4,3,3,3,4,4,3,3,3,4,3,3,3,3,3
R267,MY067,2025-08-06,Operations,Terengganu,4,4,4,4,4,4,4,4,4,4,3,4,4,4,4,4,4,4,4,4,4,4,4,4,4,3,4,4,4,4
R268,MY067,2025-11-10,Operations,Terengganu,4,4,4,4,4,4,4,4,4,4,3,4,4,4,4,4,4,4,4,4,4,4,4,4,4,3,4,4,4,4
R269,MY068,2025-02-07,Operations,HQ,3,3,3,3,4,3,3,3,3,3,2,3,4,3,3,3,2,3,3,3,3,3,3,3,3,2,4,2,3,3
R270,MY068,2025-05-07,Operations,HQ,2,2,2,2,3,2,2,2,2,2,1,2,3,2,2,2,1,2,2,2,2,2,2,2,2,1,3,1,2,2
R271,MY068,2025-08-07,Operations,HQ,3,3,3,3,4,3,3,3,3,3,2,3,4,3,3,3,2,3,3,3,3,3,3,3,3,2,4,2,3,3
R272,MY068,2025-11-11,Operations,HQ,3,3,3,3,4,3,3,3,3,3,2,3,4,3,3,3,2,3,3,3,3,3,3,3,3,2,4,2,3,3
R273,MY069,2025-02-08,Legal,HQ,3,3,4,3,4,3,4,3,3,3,4,3,4,3,4,3,2,3,4,3,3,3,3,3,3,4,3,2,3,3
R274,MY069,2025-05-08,Legal,HQ,2,2,3,2,3,3,3,3,2,2,3,2,3,2,3,2,1,2,3,2,2,2,2,2,2,3,2,1,2,2
R275,MY069,2025-08-08,Legal,HQ,3,3,4,3,4,3,4,3,3,3,4,3,4,3,4,3,2,3,4,3,3,3,3,3,3,4,3,2,3,3
R276,MY069,2025-11-12,Legal,HQ,3,3,4,3,4,3,4,3,3,3,4,3,4,3,4,3,2,3,4,3,3,3,3,3,3,4,3,2,3,3
R277,MY070,2025-02-09,Digital,HQ,4,5,5,4,4,4,5,4,4,5,4,5,5,5,4,4,4,5,5,4,4,4,4,5,4,4,4,4,4,5
R278,MY070,2025-05-09,Digital,HQ,3,4,4,3,3,4,5,3,3,4,3,4,4,4,4,3,3,4,4,3,3,3,3,4,3,3,4,3,3,4
R279,MY070,2025-08-09,Digital,HQ,4,5,5,4,4,4,5,4,4,5,4,5,5,5,4,4,4,5,5,4,4,4,4,5,4,4,4,4,4,5
R280,MY070,2025-11-13,Digital,HQ,4,5,5,4,4,4,5,4,4,5,4,5,5,5,4,4,4,5,5,4,4,4,4,5,4,4,4,4,4,5
R281,MY071,2025-02-10,Operations,KL,2,3,2,2,3,2,3,3,2,3,1,2,3,2,3,3,1,3,2,1,3,2,2,3,2,1,3,1,3,3
R282,MY071,2025-05-10,Operations,KL,1,2,1,1,2,1,2,2,1,2,1,1,2,1,2,2,1,2,1,1,2,1,1,2,1,1,2,1,2,2
R283,MY071,2025-08-10,Operations,KL,2,3,2,2,3,2,3,3,2,3,1,2,3,2,3,3,1,3,2,1,3,2,2,3,2,1,3,1,3,3
R284,MY071,2025-11-14,Operations,KL,2,3,2,2,3,2,3,3,2,3,1,2,3,2,3,3,1,3,2,1,3,2,2,3,2,1,3,1,3,3
R285,MY072,2025-02-11,Operations,Johor,3,3,3,3,4,3,3,3,3,3,2,3,4,3,3,3,2,3,3,3,3,3,3,3,3,2,4,2,3,3
R286,MY072,2025-05-11,Operations,Johor,2,2,2,2,3,2,2,2,2,2,1,2,3,2,2,2,1,2,2,2,2,2,2,2,2,1,3,1,2,2
R287,MY072,2025-08-11,Operations,Johor,3,3,3,3,4,3,3,3,3,3,2,3,4,3,3,3,2,3,3,3,3,3,3,3,3,2,4,2,3,3
R288,MY072,2025-11-15,Operations,Johor,3,3,3,3,4,3,3,3,3,3,2,3,4,3,3,3,2,3,3,3,3,3,3,3,3,2,4,2,3,3
R289,MY073,2025-02-12,Operations,Selangor,2,3,2,2,3,2,3,3,2,3,1,2,3,2,3,3,1,3,2,1,3,2,2,3,2,1,3,1,3,3
R290,MY073,2025-05-12,Operations,Selangor,1,2,1,1,2,1,2,2,1,2,1,1,2,1,2,2,1,2,1,1,2,1,1,2,1,1,2,1,2,2
R291,MY073,2025-08-12,Operations,Selangor,2,3,2,2,3,2,3,3,2,3,1,2,3,2,3,3,1,3,2,1,3,2,2,3,2,1,3,1,3,3
R292,MY073,2025-11-16,Operations,Selangor,2,3,2,2,3,2,3,3,2,3,1,2,3,2,3,3,1,3,2,1,3,2,2,3,2,1,3,1,3,3
R293,MY074,2025-02-13,HR,HQ,5,5,5,5,5,5,5,5,5,5,5,5,5,5,5,5,5,5,5,5,5,5,5,5,5,4,5,5,5,5
R294,MY074,2025-05-13,HR,HQ,4,5,5,5,5,5,5,5,5,5,5,5,5,5,5,5,5,5,5,5,5,5,4,5,5,3,5,5,5,5
R295,MY074,2025-08-13,HR,HQ,5,5,5,5,5,5,5,5,5,5,5,5,5,5,5,5,5,5,5,5,5,5,5,5,5,4,5,5,5,5
R296,MY074,2025-11-17,HR,HQ,5,5,5,5,5,5,5,5,5,5,5,5,5,5,5,5,5,5,5,5,5,5,5,5,5,4,5,5,5,5
R297,MY075,2025-02-14,Operations,Pahang,4,4,4,4,4,4,4,4,4,4,3,4,4,4,4,4,4,4,4,4,4,4,4,4,4,3,4,4,4,4
R298,MY075,2025-05-14,Operations,Pahang,3,3,3,3,4,4,4,4,3,3,2,3,3,4,4,4,3,3,3,4,4,3,3,3,4,3,3,3,3,3
R299,MY075,2025-08-14,Operations,Pahang,4,4,4,4,4,4,4,4,4,4,3,4,4,4,4,4,4,4,4,4,4,4,4,4,4,3,4,4,4,4
R300,MY075,2025-11-18,Operations,Pahang,4,4,4,4,4,4,4,4,4,4,3,4,4,4,4,4,4,4,4,4,4,4,4,4,4,3,4,4,4,4
R301,MY076,2025-01-15,Operations,Sarawak,4,5,4,4,5,4,4,5,5,5,3,4,5,4,5,5,4,5,4,4,5,4,5,5,4,3,5,4,5,5
R302,MY076,2025-04-12,Operations,Sarawak,3,4,3,3,4,4,4,4,4,4,2,3,4,4,4,4,3,4,3,3,4,3,4,4,4,3,4,4,4,4
R303,MY076,2025-07-15,Operations,Sarawak,4,5,4,4,5,4,4,5,5,5,3,4,5,4,5,5,4,5,4,4,5,4,5,5,4,3,5,4,5,5
R304,MY076,2025-10-18,Operations,Sarawak,4,5,4,4,5,4,4,5,5,5,3,4,5,4,5,5,4,5,4,4,5,4,5,5,4,3,5,4,5,5
R305,MY077,2025-01-16,Operations,Sabah,5,5,4,5,5,5,4,5,5,5,3,4,5,5,5,5,5,5,4,5,5,5,5,5,5,3,5,5,4,5
R306,MY077,2025-04-14,Operations,Sabah,4,4,3,4,4,5,4,5,4,4,2,3,4,5,5,5,4,5,4,4,5,4,4,4,5,3,4,4,4,4
R307,MY077,2025-07-16,Operations,Sabah,5,5,4,5,5,5,4,5,5,5,3,4,5,5,5,5,5,5,4,5,5,5,5,5,5,3,5,5,4,5
R308,MY077,2025-10-19,Operations,Sabah,5,5,4,5,5,5,4,5,5,5,3,4,5,5,5,5,5,5,4,5,5,5,5,5,5,3,5,5,4,5
R309,MY078,2025-01-17,Admin,Penang,4,5,4,5,4,4,5,4,4,5,4,4,4,4,5,4,4,5,4,4,5,4,4,5,4,3,4,4,4,5
R310,MY078,2025-04-15,Admin,Penang,3,4,3,4,3,3,4,3,3,4,3,3,3,3,4,3,3,4,3,3,4,3,3,4,3,2,3,3,3,4
R311,MY078,2025-07-17,Admin,Penang,4,5,4,5,4,4,5,4,4,5,4,4,4,4,5,4,4,5,4,4,5,4,4,5,4,3,4,4,4,5
R312,MY078,2025-10-20,Admin,Penang,4,5,4,5,4,4,5,4,4,5,4,4,4,4,5,4,4,5,4,4,5,4,4,5,4,3,4,4,4,5
R313,MY079,2025-01-18,Operations,HQ,4,5,4,5,5,5,5,5,5,5,4,5,5,5,5,5,4,5,4,5,5,5,5,5,5,4,5,5,5,5
R314,MY079,2025-04-16,Operations,HQ,3,4,3,4,4,5,4,5,5,5,3,4,4,5,5,5,3,4,3,4,5,4,4,4,5,3,4,4,4,4
R315,MY079,2025-07-18,Operations,HQ,4,5,4,5,5,5,5,5,5,5,4,5,5,5,5,5,4,5,4,5,5,5,5,5,5,4,5,5,5,5
R316,MY079,2025-10-21,Operations,HQ,4,5,4,5,5,5,5,5,5,5,4,5,5,5,5,5,4,5,4,5,5,5,5,5,5,4,5,5,5,5
R317,MY080,2025-01-19,Operations,Perak,5,5,4,5,5,5,4,5,5,5,3,4,5,5,5,5,5,5,4,5,5,5,5,5,5,4,5,5,5,5
R318,MY080,2025-04-17,Operations,Perak,4,4,3,4,4,5,4,5,4,4,2,3,4,5,5,5,4,5,4,4,5,4,4,4,5,3,4,4,4,4
R319,MY080,2025-07-19,Operations,Perak,5,5,4,5,5,5,4,5,5,5,3,4,5,5,5,5,5,5,4,5,5,5,5,5,5,4,5,5,5,5
R320,MY080,2025-10-22,Operations,Perak,5,5,4,5,5,5,4,5,5,5,3,4,5,5,5,5,5,5,4,5,5,5,5,5,5,4,5,5,5,5
R321,MY081,2025-01-20,Operations,HQ,4,5,4,5,4,4,5,4,4,5,4,4,4,4,5,4,4,5,4,4,5,4,4,5,4,3,4,4,4,5
R322,MY081,2025-04-18,Operations,HQ,3,4,3,4,3,3,4,3,3,4,3,3,3,3,4,3,3,4,3,3,4,3,3,4,3,2,3,3,3,4
R323,MY081,2025-07-20,Operations,HQ,4,5,4,5,4,4,5,4,4,5,4,4,4,4,5,4,4,5,4,4,5,4,4,5,4,3,4,4,4,5
R324,MY081,2025-10-23,Operations,HQ,4,5,4,5,4,4,5,4,4,5,4,4,4,4,5,4,4,5,4,4,5,4,4,5,4,3,4,4,4,5
R325,MY082,2025-01-21,Operations,HQ,4,5,4,5,4,4,5,4,4,5,4,4,4,4,5,4,4,5,4,4,5,4,4,5,4,3,4,4,4,5
R326,MY082,2025-04-19,Operations,HQ,3,4,3,4,3,3,4,3,3,4,3,3,3,3,4,3,3,4,3,3,4,3,3,4,3,2,3,3,3,4
R327,MY082,2025-07-21,Operations,HQ,4,5,4,5,4,4,5,4,4,5,4,4,4,4,5,4,4,5,4,4,5,4,4,5,4,3,4,4,4,5
R328,MY082,2025-10-24,Operations,HQ,4,5,4,5,4,4,5,4,4,5,4,4,4,4,5,4,4,5,4,4,5,4,4,5,4,3,4,4,4,5
R329,MY083,2025-01-22,Operations,Selangor,4,4,4,4,4,4,4,4,4,4,3,4,4,4,4,4,4,4,4,4,4,4,4,4,4,3,4,4,4,4
R330,MY083,2025-04-20,Operations,Selangor,3,3,3,3,4,4,4,4,3,3,2,3,3,4,4,4,3,3,3,4,4,3,3,3,4,3,3,3,3,3
R331,MY083,2025-07-22,Operations,Selangor,4,4,4,4,4,4,4,4,4,4,3,4,4,4,4,4,4,4,4,4,4,4,4,4,4,3,4,4,4,4
R332,MY083,2025-10-25,Operations,Selangor,4,4,4,4,4,4,4,4,4,4,3,4,4,4,4,4,4,4,4,4,4,4,4,4,4,3,4,4,4,4
R333,MY084,2025-01-23,Operations,KL,2,3,2,2,3,2,3,3,2,3,1,2,3,2,3,3,1,3,2,1,3,2,2,3,2,1,3,1,3,3
R334,MY084,2025-04-21,Operations,KL,1,2,1,1,2,1,2,2,1,2,1,1,2,1,2,2,1,2,1,1,2,1,1,2,1,1,2,1,2,2
R335,MY084,2025-07-23,Operations,KL,2,3,2,2,3,2,3,3,2,3,1,2,3,2,3,3,1,3,2,1,3,2,2,3,2,1,3,1,3,3
R336,MY084,2025-10-26,Operations,KL,2,3,2,2,3,2,3,3,2,3,1,2,3,2,3,3,1,3,2,1,3,2,2,3,2,1,3,1,3,3
R337,MY085,2025-01-24,Operations,Johor,3,3,3,3,4,3,3,3,3,3,2,3,4,3,3,3,2,3,3,3,3,3,3,3,3,2,4,2,3,3
R338,MY085,2025-04-22,Operations,Johor,2,2,2,2,3,2,2,2,2,2,1,2,3,2,2,2,1,2,2,2,2,2,2,2,2,1,3,1,2,2
R339,MY085,2025-07-24,Operations,Johor,3,3,3,3,4,3,3,3,3,3,2,3,4,3,3,3,2,3,3,3,3,3,3,3,3,2,4,2,3,3
R340,MY085,2025-10-27,Operations,Johor,3,3,3,3,4,3,3,3,3,3,2,3,4,3,3,3,2,3,3,3,3,3,3,3,3,2,4,2,3,3
R341,MY086,2025-01-25,Operations,Kedah,4,4,4,4,4,4,4,4,4,4,3,4,4,4,4,4,4,4,4,4,4,4,4,4,4,3,4,4,4,4
R342,MY086,2025-04-23,Operations,Kedah,3,3,3,3,4,4,4,4,3,3,2,3,3,4,4,4,3,3,3,4,4,3,3,3,4,3,3,3,3,3
R343,MY086,2025-07-25,Operations,Kedah,4,4,4,4,4,4,4,4,4,4,3,4,4,4,4,4,4,4,4,4,4,4,4,4,4,3,4,4,4,4
R344,MY086,2025-10-28,Operations,Kedah,4,4,4,4,4,4,4,4,4,4,3,4,4,4,4,4,4,4,4,4,4,4,4,4,4,3,4,4,4,4
R345,MY087,2025-01-26,Digital,HQ,4,5,5,4,4,4,5,4,4,5,4,5,5,5,4,4,4,5,5,4,4,4,4,5,4,4,4,4,4,5
R346,MY087,2025-04-24,Digital,HQ,3,4,4,3,3,4,5,3,3,4,3,4,4,4,4,3,3,4,4,3,3,3,3,4,3,3,4,3,3,4
R347,MY087,2025-07-26,Digital,HQ,4,5,5,4,4,4,5,4,4,5,4,5,5,5,4,4,4,5,5,4,4,4,4,5,4,4,4,4,4,5
R348,MY087,2025-10-29,Digital,HQ,4,5,5,4,4,4,5,4,4,5,4,5,5,5,4,4,4,5,5,4,4,4,4,5,4,4,4,4,4,5
R349,MY088,2025-01-27,Operations,Melaka,4,4,4,4,4,4,4,4,4,4,3,4,4,4,4,4,4,4,4,4,4,4,4,4,4,3,4,4,4,4
R350,MY088,2025-04-25,Operations,Melaka,3,3,3,3,4,4,4,4,3,3,2,3,3,4,4,4,3,3,3,4,4,3,3,3,4,3,3,3,3,3
R351,MY088,2025-07-27,Operations,Melaka,4,4,4,4,4,4,4,4,4,4,3,4,4,4,4,4,4,4,4,4,4,4,4,4,4,3,4,4,4,4
R352,MY088,2025-10-30,Operations,Melaka,4,4,4,4,4,4,4,4,4,4,3,4,4,4,4,4,4,4,4,4,4,4,4,4,4,3,4,4,4,4
R353,MY089,2025-01-28,Operations,Negeri Sembilan,4,4,3,3,4,4,4,4,4,4,3,3,4,4,4,4,3,4,3,3,4,3,4,4,3,3,4,3,4,4
R354,MY089,2025-04-26,Operations,Negeri Sembilan,3,3,2,2,3,3,3,3,3,3,2,2,3,3,3,3,2,3,2,2,3,2,3,3,2,2,3,2,3,3
R355,MY089,2025-07-28,Operations,Negeri Sembilan,4,4,3,3,4,4,4,4,4,4,3,3,4,4,4,4,3,4,3,3,4,3,4,4,3,3,4,3,4,4
R356,MY089,2025-10-31,Operations,Negeri Sembilan,4,4,3,3,4,4,4,4,4,4,3,3,4,4,4,4,3,4,3,3,4,3,4,4,3,3,4,3,4,4
R357,MY090,2025-01-29,Operations,Penang,4,4,4,4,4,4,4,4,4,4,3,4,4,4,4,4,4,4,4,4,4,4,4,4,4,3,4,4,4,4
R358,MY090,2025-04-27,Operations,Penang,3,3,3,3,4,4,4,4,3,3,2,3,3,4,4,4,3,3,3,4,4,3,3,3,4,3,3,3,3,3
R359,MY090,2025-07-29,Operations,Penang,4,4,4,4,4,4,4,4,4,4,3,4,4,4,4,4,4,4,4,4,4,4,4,4,4,3,4,4,4,4
R360,MY090,2025-11-01,Operations,Penang,4,4,4,4,4,4,4,4,4,4,3,4,4,4,4,4,4,4,4,4,4,4,4,4,4,3,4,4,4,4
R361,MY091,2025-01-30,Procurement,HQ,3,4,3,3,4,4,4,3,4,4,3,3,4,4,4,3,3,4,3,4,4,3,3,4,3,3,4,3,4,3
R362,MY091,2025-04-28,Procurement,HQ,2,3,2,2,3,3,4,3,3,3,2,2,3,3,3,3,2,3,2,3,3,2,2,3,2,2,3,2,3,2
R363,MY091,2025-07-30,Procurement,HQ,3,4,3,3,4,4,4,3,4,4,3,3,4,4,4,3,3,4,3,4,4,3,3,4,3,3,4,3,4,3
R364,MY091,2025-11-02,Procurement,HQ,3,4,3,3,4,4,4,3,4,4,3,3,4,4,4,3,3,4,3,4,4,3,3,4,3,3,4,3,4,3
R365,MY092,2025-01-31,Operations,Selangor,1,3,2,2,3,2,3,3,2,3,1,2,3,2,3,3,1,3,2,1,3,2,2,3,2,1,3,1,3,3
R366,MY092,2025-04-29,Operations,Selangor,1,2,1,1,2,1,2,2,1,2,1,1,2,1,2,2,1,2,1,1,2,1,1,2,1,1,2,1,2,2
R367,MY092,2025-07-31,Operations,Selangor,1,3,2,2,3,2,3,3,2,3,1,2,3,2,3,3,1,3,2,1,3,2,2,3,2,1,3,1,3,3
R368,MY092,2025-11-03,Operations,Selangor,1,3,2,2,3,2,3,3,2,3,1,2,3,2,3,3,1,3,2,1,3,2,2,3,2,1,3,1,3,3
R369,MY093,2025-02-01,Operations,Perlis,4,4,4,4,4,4,4,4,4,4,3,4,4,4,4,4,4,4,4,4,4,4,4,4,4,3,4,4,4,4
R370,MY093,2025-05-01,Operations,Perlis,3,3,3,3,4,4,4,4,3,3,2,3,3,4,4,4,3,3,3,4,4,3,3,3,4,3,3,3,3,3
R371,MY093,2025-08-01,Operations,Perlis,4,4,4,4,4,4,4,4,4,4,3,4,4,4,4,4,4,4,4,4,4,4,4,4,4,3,4,4,4,4
R372,MY093,2025-11-04,Operations,Perlis,4,4,4,4,4,4,4,4,4,4,3,4,4,4,4,4,4,4,4,4,4,4,4,4,4,3,4,4,4,4
R373,MY094,2025-02-02,HR,HQ,5,5,5,5,5,5,5,5,5,5,5,5,5,5,5,5,5,5,5,5,5,5,5,5,5,4,5,5,5,5
R374,MY094,2025-05-02,HR,HQ,4,5,5,5,5,5,5,5,5,5,5,5,5,5,5,5,5,5,5,5,5,5,4,5,5,3,5,5,5,5
R375,MY094,2025-08-02,HR,HQ,5,5,5,5,5,5,5,5,5,5,5,5,5,5,5,5,5,5,5,5,5,5,5,5,5,4,5,5,5,5
R376,MY094,2025-11-05,HR,HQ,5,5,5,5,5,5,5,5,5,5,5,5,5,5,5,5,5,5,5,5,5,5,5,5,5,4,5,5,5,5
R377,MY095,2025-02-03,Operations,KL,2,3,2,2,3,2,3,3,2,3,1,2,3,2,3,3,1,3,2,1,3,2,2,3,2,1,3,1,3,3
R378,MY095,2025-05-03,Operations,KL,1,2,1,1,2,1,2,2,1,2,1,1,2,1,2,2,1,2,1,1,2,1,1,2,1,1,2,1,2,2
R379,MY095,2025-08-03,Operations,KL,2,3,2,2,3,2,3,3,2,3,1,2,3,2,3,3,1,3,2,1,3,2,2,3,2,1,3,1,3,3
R380,MY095,2025-11-06,Operations,KL,2,3,2,2,3,2,3,3,2,3,1,2,3,2,3,3,1,3,2,1,3,2,2,3,2,1,3,1,3,3
R381,MY096,2025-02-04,Operations,Putrajaya,5,5,4,5,5,5,4,5,5,5,3,4,5,5,5,5,5,5,4,5,5,5,5,5,5,3,5,5,4,5
R382,MY096,2025-05-04,Operations,Putrajaya,4,4,3,4,4,5,4,5,4,4,2,3,4,5,5,5,4,5,4,4,5,4,4,4,5,3,4,4,4,4
R383,MY096,2025-08-04,Operations,Putrajaya,5,5,4,5,5,5,4,5,5,5,3,4,5,5,5,5,5,5,4,5,5,5,5,5,5,3,5,5,4,5
R384,MY096,2025-11-07,Operations,Putrajaya,5,5,4,5,5,5,4,5,5,5,3,4,5,5,5,5,5,5,4,5,5,5,5,5,5,3,5,5,4,5
R385,MY097,2025-02-05,Operations,Selangor,2,3,2,2,3,2,3,3,2,3,1,2,3,2,3,3,1,3,2,1,3,2,2,3,2,1,3,1,3,3
R386,MY097,2025-05-05,Operations,Selangor,1,2,1,1,2,1,2,2,1,2,1,1,2,1,2,2,1,2,1,1,2,1,1,2,1,1,2,1,2,2
R387,MY097,2025-08-05,Operations,Selangor,2,3,2,2,3,2,3,3,2,3,1,2,3,2,3,3,1,3,2,1,3,2,2,3,2,1,3,1,3,3
R388,MY097,2025-11-08,Operations,Selangor,2,3,2,2,3,2,3,3,2,3,1,2,3,2,3,3,1,3,2,1,3,2,2,3,2,1,3,1,3,3
R389,MY098,2025-02-06,Digital,HQ,5,5,5,5,5,5,5,4,5,5,4,5,5,5,5,4,5,5,5,5,5,5,5,5,5,4,5,5,4,5
R390,MY098,2025-05-06,Digital,HQ,4,5,5,5,5,5,5,4,5,5,4,5,5,5,5,4,5,5,5,5,5,5,4,5,5,4,5,5,4,5
R391,MY098,2025-08-06,Digital,HQ,5,5,5,5,5,5,5,4,5,5,4,5,5,5,5,4,5,5,5,5,5,5,5,5,5,4,5,5,4,5
R392,MY098,2025-11-09,Digital,HQ,5,5,5,5,5,5,5,4,5,5,4,5,5,5,5,4,5,5,5,5,5,5,5,5,5,4,5,5,4,5
R393,MY099,2025-02-07,Operations,Pahang,4,4,4,4,4,4,4,4,4,4,3,4,4,4,4,4,4,4,4,4,4,4,4,4,4,3,4,4,4,4
R394,MY099,2025-05-07,Operations,Pahang,3,3,3,3,4,4,4,4,3,3,2,3,3,4,4,4,3,3,3,4,4,3,3,3,4,3,3,3,3,3
R395,MY099,2025-08-07,Operations,Pahang,4,4,4,4,4,4,4,4,4,4,3,4,4,4,4,4,4,4,4,4,4,4,4,4,4,3,4,4,4,4
R396,MY099,2025-11-10,Operations,Pahang,4,4,4,4,4,4,4,4,4,4,3,4,4,4,4,4,4,4,4,4,4,4,4,4,4,3,4,4,4,4
R397,MY100,2025-02-08,Operations,Johor,3,3,3,3,4,3,3,3,3,3,2,3,4,3,3,3,2,3,3,3,3,3,3,3,3,2,4,2,3,3
R398,MY100,2025-05-08,Operations,Johor,2,2,2,2,3,2,2,2,2,2,1,2,3,2,2,2,1,2,2,2,2,2,2,2,2,1,3,1,2,2
R399,MY100,2025-08-08,Operations,Johor,3,3,3,3,4,3,3,3,3,3,2,3,4,3,3,3,2,3,3,3,3,3,3,3,3,2,4,2,3,3
R400,MY100,2025-11-11,Operations,Johor,3,3,3,3,4,3,3,3,3,3,2,3,4,3,3,3,2,3,3,3,3,3,3,3,3,2,4,2,3,3